Z_Score_X1,Z_Score_X2,Z_Score_X3,Z_Score_X4,Z_Score
-0.1817,0.5921,0.3478,0.2727,1.031
-0.1806,0.6244,0.1943,0.2912,0.9293
-0.267,0.5252,0.0811,0.3226,0.6619
-0.2564,0.5998,0.3103,0.3258,0.9795
-0.1808,0.5149,0.0604,0.3265,0.721
-0.1792,0.433,0.0909,0.2985,0.6432
-0.1421,0.4064,0.1469,0.3076,0.7187
-0.1778,0.4067,0.3973,0.2356,0.8617
-0.1738,0.4696,0.2694,0.2505,0.8156
-0.1203,0.5969,0.3013,0.302,1.08
0.0054,0.3661,0.2198,0.1996,0.791
-0.0035,0.4301,0.2009,0.2312,0.8588
-0.0151,0.3932,0.0619,0.23,0.6701
-0.0263,0.4379,0.1715,0.2218,0.8049
0.1169,0.4389,0.2676,0.2299,1.0533
0.1755,0.475,0.2761,0.2339,1.1605
0.2009,0.4531,0.0881,0.2154,0.9576
0.1737,0.5348,0.0974,0.2363,1.0421
0.1598,0.4997,0.0623,0.2199,0.9417
-0.0251,0.5777,0.2134,0.2524,1.0184
-0.1595,-0.0001,0.5927,1.7631,2.1961
0.3256,-0.0207,0.4105,1.1596,1.875
-0.1541,0.0641,0.1407,1.1127,1.1634
0.3401,0.7796,0.0,1.4357,2.5553
0.2748,0.7356,0.2236,1.4371,2.6711
0.252,0.6732,0.2927,0.3692,1.587
0.1411,0.7393,0.5632,0.3332,1.7767
0.1093,0.6838,0.2038,0.3202,1.3171
0.2353,0.5967,0.0274,0.291,1.1503
-0.0351,0.453,0.0479,0.6165,1.0823
0.202,0.4325,0.1205,0.5971,1.3521
0.1428,0.4688,0.1764,0.675,1.4631
0.2463,-0.1625,-0.3349,29.2202,28.9692
0.0487,-0.7179,-1.1965,9.909,8.0434
0.282,-1.6241,-2.2189,2.125,-1.4359
0.595,-1.8232,-1.3749,1.5226,-1.0805
1.0019,-2.0203,-1.2661,1.063,-1.2215
1.164,-1.8877,-0.8755,0.5496,-1.0497
0.7308,-1.3733,0.0624,0.4596,-0.1205
0.9041,-0.9327,0.1318,0.318,0.4213
0.6396,-0.539,0.2673,0.2652,0.633
-0.2581,-0.5584,-0.6323,0.4122,-1.0366
0.4274,-0.5155,-0.4776,0.2965,-0.2692
0.4869,-0.6266,-0.3716,0.1735,-0.3378
0.7543,-0.6489,-0.2308,0.0999,-0.0255
0.4651,-0.596,-0.0972,0.1785,-0.0496
0.2032,-0.5494,-0.0329,0.1535,-0.2257
0.3604,-0.5112,-0.0195,0.1384,-0.0319
0.193,-0.5526,-0.1216,0.1077,-0.3735
-0.1734,-0.5346,0.0011,0.1079,-0.5989
-0.1306,-0.5594,0.0605,0.1297,-0.4997
0.0707,-0.3641,-0.9796,4.5545,3.2815
0.0885,-0.4643,-0.6475,1.1858,0.1625
-0.0787,-0.3802,-0.4693,1.3063,0.378
-0.0402,-0.6012,-0.1889,0.7915,-0.0389
0.0529,-0.4773,-0.0184,0.5585,0.1157
0.2013,-0.2202,0.3198,0.5301,0.831
0.8004,-0.1035,0.0613,0.4001,1.1583
0.3086,-0.0037,0.1551,0.41,0.87
0.2529,0.087,0.1634,0.3571,0.8604
0.2517,0.1663,0.1819,0.3385,0.9383
0.1637,0.4709,0.0737,0.6368,1.3452
-0.2833,0.5254,0.2821,0.5876,1.1119
-0.2942,0.6373,0.341,0.3067,0.9907
-0.3026,0.5671,0.1164,1.3265,1.7074
-0.2258,0.5383,0.1645,1.3419,1.819
-0.2118,0.5943,0.1882,0.2832,0.8538
-0.1401,0.5516,0.1206,0.4309,0.963
-0.1056,0.5948,0.1312,0.4439,1.0643
-0.106,0.6109,0.1243,0.4212,1.0504
0.0384,0.6637,0.1414,0.4607,1.3042
0.1271,-0.2373,-0.057,0.129,-0.0381
-0.0278,-0.2212,-0.0493,0.1704,-0.128
0.1186,-0.144,0.075,0.1499,0.1996
0.0069,-0.0534,0.1397,0.1787,0.2719
-0.0789,0.008,0.1731,0.2162,0.3184
-0.1325,0.094,0.2408,0.2654,0.4676
0.2931,0.1236,0.0471,0.2802,0.744
0.1853,0.1501,-0.0185,0.3451,0.662
0.1295,0.0542,-0.2144,0.2948,0.2641
-0.0347,0.0088,-0.1506,0.2606,0.084
4.9762,-0.0058,-0.012,41.5469,46.5053
2.244,-0.0146,-0.0306,0.0516,2.2504
0.1329,0.0035,0.0286,0.0871,0.252
0.2874,-0.0618,-0.1345,0.106,0.197
0.6342,-0.0045,-0.0182,0.1443,0.7557
5.9329,0.5362,0.7728,2.5393,9.7812
5.8455,0.5913,0.6148,1.96,9.0116
5.8693,0.6511,0.6505,1.9429,9.1138
5.9218,0.5252,0.5052,1.7652,8.7174
5.9454,0.5436,0.4204,1.5653,8.4747
5.5823,0.4396,0.2668,1.4402,7.7289
5.528,0.4752,0.4398,2.2922,8.7352
5.448,0.4721,0.4808,1.229,7.6299
5.8296,0.624,0.5112,1.3442,8.309
5.552,0.4831,-0.0409,0.8139,6.808
0.1562,0.6333,0.3817,0.2691,1.4403
-0.0409,0.5807,0.0436,0.2659,0.8493
-0.1901,0.5554,0.089,0.328,0.7823
-0.1441,0.735,0.4434,0.343,1.3773
-0.1381,0.6924,0.1041,0.4008,1.0592
-0.1186,0.6667,0.13,0.3921,1.0702
-0.1172,0.6305,0.1645,0.3605,1.0383
-0.1222,0.6687,0.1842,0.3505,1.0811
-0.1818,0.6051,0.0634,0.336,0.8227
-0.175,0.6659,0.2181,0.3544,1.0634
0.2732,0.0078,0.0346,2.1222,2.438
0.1353,0.0081,0.015,3.4828,3.6412
1.6009,0.026,0.0377,2.0368,3.7013
1.0831,0.0573,0.0637,1.8602,3.0643
1.0825,0.13,0.164,1.317,2.6936
0.8119,0.1148,0.0205,0.9512,1.8984
0.6692,0.1814,0.1674,0.8034,1.8214
0.7453,0.175,0.0413,0.6428,1.6044
0.8667,0.2539,0.1659,0.594,1.8806
3.0371,0.3178,0.3019,0.6257,4.2825
4.2363,0.4225,0.4312,0.5879,5.6779
3.7509,0.3591,0.2975,0.3365,4.7441
2.9984,0.0342,-0.6053,0.1528,2.58
3.8342,0.0387,0.0267,0.2577,4.1573
3.7025,0.0931,0.1199,0.2335,4.1489
3.6491,0.1226,0.1572,0.197,4.1259
3.7374,0.2077,0.2549,0.304,4.504
2.9394,0.2498,0.1536,0.3115,3.6544
1.9112,0.1924,-0.1738,0.2919,2.2217
-0.5427,-2.2829,-8.2767,2.4532,-8.6491
2.4755,-3.3408,-2.2994,37.2487,34.084
2.081,-2.9877,-0.4519,3.7551,2.3966
1.4448,-0.95,1.3791,1.7888,3.6627
0.7259,-0.0624,1.3976,1.5915,3.6526
-0.0567,0.1062,0.1554,1.1118,1.3167
0.1064,0.0766,-0.0362,1.0323,1.179
-0.0246,0.1384,0.1426,1.0898,1.3462
-0.2157,-0.0144,-0.3252,1.001,0.4457
-0.1014,0.043,0.1251,0.9919,1.0585
-0.2791,-0.0602,-0.2095,0.8768,0.328
-0.1582,-0.1327,-0.1491,0.7708,0.3309
-0.0825,-0.2577,-0.2458,0.6947,0.1087
0.0102,-0.3981,-0.3055,0.5357,-0.1576
0.0799,-0.5578,-0.2874,0.4347,-0.3306
0.0077,0.0929,0.3492,0.6015,1.0513
-0.0021,0.1095,0.3313,0.5643,1.003
-0.1142,0.1442,0.3624,0.5442,0.9366
-0.1473,0.1559,0.2273,0.5554,0.7912
-0.1322,0.1468,0.2725,0.5586,0.8457
-0.126,0.1867,0.2424,0.6259,0.9289
-0.1202,0.1535,0.1978,0.5581,0.7892
-0.1286,0.2306,0.2036,0.6199,0.9254
-0.1609,0.1868,0.1097,0.6011,0.7367
-0.1775,0.1959,0.164,0.6545,0.8369
-0.4515,-5.6249,-0.5416,-0.1046,-6.7226
-1.3756,-2.9732,0.021,1.0855,-3.2423
-0.0687,-0.2144,0.0639,0.0569,-0.1622
-0.0943,-0.1855,0.0916,0.0732,-0.1151
0.7346,-0.0943,0.0676,0.0635,0.7714
0.003,-0.0462,0.0415,0.0505,0.0488
0.0054,-0.027,0.0499,0.0668,0.0952
0.279,-0.0136,0.0185,0.0593,0.3432
1.0383,0.1167,0.0938,0.3301,1.5789
1.5354,0.0842,0.1069,0.7541,2.4806
0.8605,0.0368,0.0517,0.2599,1.2089
0.3455,0.0398,0.0692,0.3059,0.7605
0.4148,0.0387,0.0418,0.1463,0.6415
0.413,0.0451,0.0327,0.1232,0.6141
0.6556,0.0214,0.0372,0.1251,0.8392
-0.0066,0.0411,0.0575,0.1136,0.2057
0.0721,0.0646,0.1184,0.1079,0.363
0.008,0.0475,0.1186,0.1047,0.2788
0.01,-0.0444,-0.0649,0.6148,0.5155
-0.1853,-0.0742,-0.0548,0.3726,0.0583
-0.3179,-0.2001,-0.2381,0.0366,-0.7195
-0.1841,-0.3203,-0.1894,-0.1696,-0.8633
-0.6165,-0.4391,-0.1267,-0.2362,-1.4185
-0.5058,-0.5618,-0.0797,-0.3071,-1.4545
-1.822,-0.7782,-0.1967,-0.51,-3.3069
-0.3069,-0.6505,-0.111,-0.5912,-1.6596
3.3337,0.1538,0.2492,22.6674,26.4042
0.2581,0.1541,0.015,15.7992,16.2264
1.644,0.0028,-0.0734,2.33,3.9033
0.1151,0.0126,0.0218,1.8294,1.9791
0.3738,0.032,0.0419,1.2244,1.6721
0.4738,0.0272,0.0074,0.901,1.4094
-0.1,0.0429,0.051,0.8974,0.8913
0.1882,0.0532,0.048,0.7172,1.0066
-0.4292,0.0786,0.0779,0.6128,0.3401
-0.9248,0.1079,0.0822,0.5557,-0.179
-0.0465,-0.8343,-0.7508,6.1589,4.5273
0.2015,-1.1541,-0.595,5.4109,3.8633
-0.0017,-0.9993,-0.2298,1.9001,0.6693
0.0742,-1.1402,-0.4805,1.8146,0.2682
0.1774,-0.8143,0.5035,2.2136,2.0802
0.4217,-0.8645,0.0315,1.7809,1.3697
0.3331,-0.8613,0.0389,1.7738,1.2846
0.3771,-0.6951,0.0737,1.3341,1.0899
1.6245,-0.4606,0.1171,0.8783,2.1593
0.6428,-0.3378,0.1295,0.7217,1.1561
0.0013,0.0665,0.1135,0.1588,0.3401
0.1411,0.1209,0.1287,0.1565,0.5473
0.2035,0.158,0.129,0.1751,0.6655
0.5245,0.2155,0.1469,0.1395,1.0264
0.2037,0.1993,0.0915,0.1262,0.6206
0.1876,0.1763,0.0132,0.1142,0.4913
0.199,0.1883,0.0716,0.1118,0.5707
0.1219,0.2144,0.0874,0.1082,0.5319
0.0832,0.2282,0.0814,0.1102,0.503
0.0627,0.253,0.1036,0.0934,0.5127
-0.1395,-0.1594,-0.1556,29.1882,28.7338
-0.1463,-0.1914,-0.0593,33.2029,32.8059
5.2892,-0.0239,0.2779,106.6285,112.1718
0.229,0.1415,0.1194,0.8702,1.3601
-0.0517,0.0257,0.0242,0.0508,0.049
-0.2234,0.0221,0.0308,0.0291,-0.1414
-0.2045,0.0305,0.026,0.0276,-0.1204
-0.0659,0.0403,0.0277,0.0287,0.0308
-0.0428,0.0572,0.0272,0.036,0.0775
-0.0675,0.0585,0.0208,0.0357,0.0475
0.0036,0.0845,0.0452,0.0475,0.1808
-0.1181,0.1193,0.0454,0.0647,0.1112
-0.1287,0.1389,0.0466,0.0712,0.1279
0.9575,0.0697,0.0835,8.2566,9.3672
1.6884,0.0346,0.0415,4.7113,6.4759
0.9829,-0.0709,-0.1758,2.1969,2.9331
1.361,0.0386,0.1693,1.727,3.2959
1.4851,0.0427,0.0376,1.2717,2.8372
1.5776,0.022,0.0195,0.9863,2.6055
1.8682,0.0314,0.0419,0.8556,2.797
1.5464,0.0565,0.0846,0.9249,2.6124
1.6461,0.1485,0.2422,1.2311,3.2679
0.0208,0.0819,0.1287,0.7089,0.9402
0.1511,0.1217,0.1183,0.7589,1.1499
0.0908,0.0424,0.0545,0.5382,0.726
-0.0338,0.0475,0.0399,0.4962,0.5498
0.0307,0.0614,0.0351,0.4149,0.5421
0.0127,0.0803,0.0412,0.4213,0.5556
0.0468,0.107,0.0604,0.3867,0.6009
0.0297,0.1188,0.014,0.3555,0.518
0.0793,0.0667,0.0369,0.2934,0.4763
-0.0522,0.1031,0.0219,0.3612,0.4339
-0.5176,0.4523,0.1172,0.2436,0.2954
-0.5254,0.5465,0.109,0.2229,0.353
-0.3743,0.4808,0.0802,0.2253,0.4121
-0.2606,0.5127,0.0478,0.2555,0.5555
-0.369,0.6198,0.0843,0.316,0.6511
-0.5199,0.8893,0.1173,0.3912,0.8778
-0.5016,0.9128,0.1246,0.506,1.0417
-0.7148,0.955,0.1145,0.5134,0.8681
-0.0911,0.1887,-0.0215,0.1955,0.2716
-0.1954,0.2144,0.1114,0.2035,0.3339
-0.2285,0.2697,0.1215,0.2276,0.3903
-0.2402,0.2965,0.0545,0.2358,0.3465
-0.1806,0.2406,-0.0643,0.3305,0.3261
-0.1607,0.2476,-0.053,0.3532,0.3871
6.0759,0.2774,0.4289,0.1032,6.8855
6.2021,0.2142,0.2768,0.0813,6.7744
6.2451,0.2453,0.2857,0.0878,6.8639
6.256,0.2741,0.2393,0.1023,6.8717
-0.1002,0.2393,0.2018,0.091,0.4318
-0.1923,0.2219,0.1907,0.0836,0.3039
0.0216,0.2489,0.2373,0.0921,0.5999
-0.0546,0.2712,0.2558,0.1015,0.5739
0.076,0.2846,0.2532,0.1069,0.7207
-0.3489,-0.1252,-0.3025,1.0253,0.2488
-0.1769,-0.0779,0.0376,0.6298,0.4125
-0.2067,-0.0225,0.116,0.5501,0.4368
1.503,-0.3243,-0.9975,0.3753,0.5566
-0.3223,-0.3999,-0.199,0.4244,-0.4969
-0.2135,-0.3041,0.0777,0.3971,-0.0428
-0.1308,-0.2725,0.0399,0.3686,0.0052
-0.0842,-0.0645,0.5532,0.3693,0.7738
0.0283,0.1112,0.1047,0.9944,1.2387
0.1058,0.1183,0.0883,0.6311,0.9435
0.0059,0.1339,0.1421,0.5204,0.8022
-0.1592,0.1396,0.0658,0.4659,0.5121
-0.0224,0.1759,0.1129,0.4796,0.7459
-0.017,0.1632,0.047,0.4294,0.6227
-0.1141,0.1619,0.029,0.3751,0.4519
-0.0415,0.1799,0.0443,0.3654,0.5481
-0.0917,0.1966,0.081,0.3601,0.546
-0.1596,0.2078,0.089,0.3273,0.4645
0.0397,0.1159,0.0752,0.3813,0.6123
-0.1245,0.1511,0.0764,0.4113,0.5142
-0.2085,0.1978,0.051,0.5183,0.5585
-0.0944,0.0492,0.0736,0.5285,0.5569
-0.1261,-0.0726,-0.0349,0.4543,0.2207
-0.0658,0.0221,0.026,61.9868,61.9691
0.4338,0.0079,0.0144,3.0593,3.5154
-0.1002,0.027,0.0539,7.4138,7.3945
-0.1503,0.0328,0.0364,2.8911,2.8099
-0.3803,0.0544,0.0474,1.634,1.3555
-0.5056,0.0575,0.0373,1.486,1.0752
-0.3475,0.0753,0.0495,1.7508,1.5282
-0.3475,0.129,0.0673,2.2182,2.067
0.1851,-1.8835,-1.0217,4.7109,1.9909
-0.0384,-2.4912,-1.3375,3.7274,-0.1396
-0.144,-2.9988,-1.501,3.1613,-1.4824
-0.1867,-3.361,-1.1894,2.6575,-2.0797
-0.1277,-3.8071,-0.9927,3.0402,-1.8872
-0.1253,-4.1467,-0.9224,2.8755,-2.3189
-0.0046,-4.6175,-1.1904,2.0247,-3.7878
0.4191,-4.6044,-1.1614,1.5256,-3.8212
-0.0713,-0.0804,-0.1557,33.6211,33.3137
-0.0461,-0.3481,-0.4893,7.2907,6.4072
-0.3083,-0.5058,-0.3835,2.3477,1.1501
1.3604,-0.9177,-0.3421,1.6639,1.7645
2.5772,-1.2915,-0.6083,1.4013,2.0787
2.6788,-1.7614,-0.8718,0.9222,0.9678
2.7945,2.1833,-0.8474,0.529,4.6594
0.0402,-0.2452,-0.1719,0.3466,-0.0303
-0.0528,-0.2526,-0.1258,0.2464,-0.1847
-0.0916,-0.0809,0.2893,0.253,0.3698
0.0802,0.0707,0.3802,0.2949,0.8261
-0.0385,0.171,0.2527,0.3656,0.7508
0.0021,0.2661,0.2324,0.4592,0.9598
-0.0695,0.319,0.0868,0.4957,0.8319
-0.3562,0.297,-0.0611,0.4543,0.334
-0.1146,0.1111,-0.1365,0.4367,0.2967
-0.533,0.01,-0.2545,0.4102,-0.3673
0.0493,0.2566,0.0748,0.2368,0.6174
0.0509,0.2697,0.0889,0.2425,0.652
-0.0184,0.2407,0.0758,0.2393,0.5375
0.1541,0.2256,0.0423,0.2214,0.6434
0.1856,0.2304,0.029,0.2467,0.6917
0.019,0.1666,-0.1467,0.2256,0.2646
-0.0339,0.1064,0.017,0.2416,0.331
0.0083,-3.6923,-2.1715,0.2875,-5.568
4.7915,-0.879,-0.3079,4.0256,7.6301
0.3692,-0.5855,-0.2221,0.7544,0.316
0.056,-0.625,-0.0708,0.7303,0.0905
-0.0045,-0.7587,-0.1433,0.755,-0.1515
-0.06,-1.5991,-1.2993,0.5388,-2.4196
-0.0269,-2.3257,-0.6733,0.4864,-2.5395
-0.2088,-0.4383,0.0007,0.0536,-0.5927
-0.0267,-0.5168,-0.2202,0.1249,-0.6388
-0.103,-0.4164,-0.0844,0.2355,-0.3683
0.0133,-0.3284,0.0134,0.1517,-0.15
0.0738,-0.2488,0.0065,0.1529,-0.0155
0.0678,-0.2004,0.0197,0.1458,0.0328
0.1369,-0.1609,0.0245,0.1184,0.1189
0.1082,-0.1103,0.0452,0.0467,0.0898
-0.0378,0.039,0.1145,0.1043,0.22
-0.0153,0.0718,0.0725,0.0816,0.2106
1.0208,-1.3824,-1.3064,2.9306,1.2626
0.5039,-0.4484,-0.4037,6.6232,6.275
0.5624,-0.5547,-0.1869,7.1453,6.9661
0.1393,-0.5725,-0.0115,8.6922,8.2476
0.1436,-0.527,0.0561,10.081,9.7537
0.1309,-0.5021,0.0573,9.5786,9.2647
-0.0334,-0.4926,0.0457,11.8428,11.3624
0.6167,-0.5901,-0.171,7.3914,7.247
-0.1462,-0.631,-0.1333,5.3075,4.3969
-0.1096,-0.7588,-0.2616,4.1889,3.0588
1.0047,-0.098,-0.2401,0.1842,0.8507
0.8422,0.111,0.2114,0.2373,1.402
0.6839,0.1776,0.2075,0.247,1.316
0.6094,0.2241,0.2243,0.2558,1.3137
1.2511,0.0874,0.0465,0.2196,1.6046
1.3613,0.1217,0.0558,0.2592,1.7981
1.201,0.1388,0.0627,0.2886,1.6911
1.2362,0.1821,0.1178,0.4687,2.0049
0.7937,0.162,0.0929,0.3341,1.3827
0.6109,0.1891,0.0977,0.3273,1.225
0.3528,0.1061,0.0271,0.2822,0.7683
0.2185,0.1076,0.0316,0.2943,0.652
0.0296,0.2375,0.2388,1.2753,1.7813
0.007,0.1561,0.0303,0.677,0.8704
0.0171,0.1608,0.0336,0.5741,0.7856
0.0183,0.1708,0.0399,0.5027,0.7317
0.0191,0.1724,0.0309,0.4833,0.7057
-0.4037,-0.5647,-0.5762,4.8908,3.3461
0.279,-0.5681,-0.1766,3.8239,3.3583
0.4571,-0.5398,-0.0932,1.6803,1.5043
0.2849,-0.6626,-0.3726,1.5833,0.8329
0.3856,-1.0528,-0.9296,1.3616,-0.2351
0.3542,-1.4789,-1.3704,0.8737,-1.6213
0.1381,-1.582,-0.1745,0.8576,-0.761
0.366,-1.5428,-0.4093,0.7682,-0.818
0.1351,-1.5507,-0.2472,0.7554,-0.9074
1.8214,-1.1261,-0.2977,0.2866,0.6841
0.853,-1.6285,-0.2559,0.3701,-0.6612
1.2275,-1.6914,0.2681,0.4433,0.2475
1.3691,-1.6562,0.2157,0.4639,0.3925
2.0529,-1.4152,0.3262,0.4574,1.4213
0.5424,-0.5979,0.5988,0.3437,0.887
-0.0156,0.0515,-0.812,0.9335,0.1573
-0.0964,0.1132,0.1436,1.0094,1.1697
0.1079,0.1973,0.2254,1.2722,1.8027
0.0553,0.0056,0.1683,0.9888,1.218
0.1199,0.058,0.1155,1.0451,1.3386
0.2719,0.1029,0.1626,1.1773,1.7147
0.3758,0.0159,0.0421,0.9729,1.4067
0.4161,0.0788,0.1688,1.0903,1.7541
0.0895,0.0412,0.0632,1.1279,1.3218
0.0176,0.1034,0.1883,1.2304,1.5396
-0.8642,0.0914,0.1884,5.1485,4.5641
0.0927,0.108,0.0057,37.8116,38.018
0.004,0.0711,0.0473,0.7764,0.8989
-0.1263,0.0226,0.0096,0.2205,0.1265
-0.0279,0.0251,0.0233,0.2358,0.2562
-0.0027,0.0276,0.0208,0.1815,0.2272
0.0158,0.0354,0.0199,0.1679,0.239
0.1392,0.044,0.0209,0.1626,0.3668
0.0224,0.0079,-0.0645,0.1455,0.1114
-0.0737,0.2498,0.2607,1.1293,1.5661
-0.0545,0.2919,0.2527,1.1562,1.6462
-0.0864,0.3314,0.2681,1.247,1.7601
-0.0742,0.3466,0.2946,1.2164,1.7834
-0.0758,0.349,0.3075,1.267,1.8477
-0.0827,0.4029,0.3033,1.294,1.9175
0.0548,0.3926,0.285,1.2472,1.9796
0.1077,0.1993,0.3381,1.1518,1.7969
0.1324,0.2562,0.3276,1.1751,1.8913
0.0874,0.2737,0.2707,1.1574,1.7892
0.2107,-0.4525,0.0015,0.112,-0.1282
0.2478,-0.3618,-0.0061,0.2125,0.0924
0.5873,-0.2613,0.1592,0.2145,0.6997
0.6135,-0.1198,0.2036,0.2268,0.9241
0.333,0.0004,0.2151,0.2328,0.7812
0.2397,0.1018,0.2228,0.254,0.8183
0.0092,0.5982,1.3308,1.644,3.5822
0.7807,0.8988,1.5003,1.0977,4.2775
0.264,0.3843,0.9857,0.7263,2.3602
0.0462,0.1934,0.583,0.3923,1.2149
-0.1058,0.1341,0.3565,0.2647,0.6495
-0.1988,0.193,0.2282,0.2305,0.4529
-0.0364,0.2389,0.183,0.2257,0.6112
-0.172,0.3515,0.2532,0.2871,0.7199
-0.1062,0.3825,0.1394,0.2931,0.7088
-0.0956,0.4743,0.1432,0.3441,0.8659
0.0022,0.3462,0.7042,0.127,1.1796
-0.0459,0.28,0.6349,0.1008,0.9698
-0.1301,0.2632,0.5942,0.0915,0.8188
-0.275,0.2421,0.4923,0.0863,0.5457
-0.2206,0.2428,0.551,0.0909,0.6642
-0.1212,0.2448,0.3335,0.0876,0.5447
-0.088,0.2915,0.2999,0.1076,0.611
0.0039,0.3211,0.2665,0.1195,0.711
0.0422,0.3615,0.2033,0.1361,0.743
0.5787,0.1902,0.4668,0.3578,1.5934
0.3814,0.304,0.6603,0.4405,1.7862
0.4075,0.3366,0.2514,0.3913,1.3868
0.0704,0.2584,0.1075,0.2241,0.6604
-0.0703,0.0765,-0.1775,0.1624,-0.009
-0.1926,-0.0352,-0.2011,0.1598,-0.2692
-0.199,0.0136,0.0999,0.1496,0.0641
-0.2386,-0.0614,-0.1516,0.1211,-0.3305
-0.2159,-0.129,-0.1403,0.0884,-0.3969
-0.0304,-0.1497,-0.0618,0.0918,-0.15
-0.1671,-0.1224,-0.0184,0.5544,0.2465
-0.0529,-0.1573,-0.051,0.5809,0.3197
-0.0521,-0.1574,0.017,0.6474,0.455
-0.3634,-2.2143,-1.0992,1.6993,-1.9775
-0.4277,-2.2834,-1.6499,1.1147,-3.2462
-0.2418,-1.5524,-0.7544,1.8307,-0.7178
-0.194,-1.8194,-0.5985,1.3076,-1.3043
-0.168,-2.0031,-0.4749,0.9372,-1.7088
-0.2503,-2.1394,-0.3229,0.7686,-1.944
-0.2353,-2.5456,-0.5852,0.6003,-2.7657
-0.066,-2.8122,-0.2614,0.4651,-2.6745
-0.1342,-3.419,-0.6354,0.3347,-3.8539
-0.1555,-4.0771,-0.6377,0.2127,-4.6577
-0.0342,0.1833,0.3484,6.4537,6.9512
0.0316,0.0919,0.0262,0.6863,0.836
0.0148,0.3171,0.4739,0.8511,1.6569
0.1029,0.2275,0.2864,1.9969,2.6136
0.1063,0.1364,0.034,1.2491,1.5258
0.0141,0.0668,0.1255,0.7725,0.9788
-0.0309,0.1908,0.0464,6.0089,6.2152
1.0111,0.3253,0.2827,2.9802,4.5994
-0.4034,-4.3223,-1.0498,0.3543,-5.4212
-0.2647,-4.7531,-1.1496,0.1799,-5.9876
-0.4017,-3.9499,0.0124,0.2219,-4.1174
-0.0755,-3.9106,-0.4026,0.1343,-4.2544
-0.1168,-3.7307,-0.2242,0.1478,-3.9239
-0.8831,0.2053,0.4726,0.4845,0.2793
2.1456,0.2209,0.55,0.5341,3.4505
1.9454,0.2171,0.5329,0.5312,3.2265
2.4068,0.2345,0.5553,0.5082,3.7048
2.4961,0.3715,0.8881,0.6,4.3557
2.6166,0.6598,0.8757,0.731,4.883
0.7822,0.8222,0.1279,1.1873,2.9196
2.6785,0.3865,0.1749,0.4915,3.7314
2.411,0.4846,0.3047,0.5513,3.7517
1.5401,0.542,0.1341,0.6064,2.8227
1.8895,0.5838,0.0827,0.6548,3.2108
3.0231,0.4068,0.1176,0.2815,3.8289
2.4452,0.3494,-0.1671,0.2777,2.9053
1.0865,0.2211,-0.1132,0.7254,1.9198
1.9019,0.2057,-0.0441,0.5877,2.6511
0.7822,0.2039,-0.0295,0.6556,1.6121
1.1296,0.1412,-0.1481,0.6249,1.7476
1.2322,0.1169,-0.0776,0.6818,1.9533
1.1133,0.135,0.015,0.7418,2.0051
1.0306,0.1598,0.0541,0.754,1.9986
1.2541,0.1833,0.0915,0.8229,2.3518
-0.1558,0.902,0.2154,0.8662,1.8277
0.2353,0.4292,0.1724,0.877,1.7139
0.8121,0.5226,0.2534,0.9704,2.5585
1.9646,0.5561,0.3431,0.7517,3.6154
1.6543,0.7122,0.4527,0.7816,3.6007
1.9366,0.7458,0.3528,0.7247,3.7599
2.0711,0.7308,0.2214,0.6103,3.6335
0.144,0.1138,0.1239,0.4131,0.7949
2.0987,0.1511,0.038,0.5077,2.7954
2.5212,-0.2325,-0.825,0.4056,1.8693
2.9369,-0.2093,0.0007,0.4327,3.161
2.9809,-0.1691,0.042,0.3456,3.1994
3.2137,-0.1733,0.0148,0.3881,3.4433
3.2771,-0.1441,0.0519,0.4101,3.5949
3.0906,-0.1045,0.0201,0.3928,3.3989
2.4477,-0.1269,0.0049,0.2771,2.6029
5.8869,-0.116,-0.2183,0.2179,5.7705
1.0815,0.0017,0.0005,9.2246,10.3082
1.2517,0.1756,0.4363,0.914,2.7777
1.3913,0.2011,0.2528,0.8192,2.6644
1.3635,0.2238,0.2681,0.6825,2.5379
1.3954,0.2577,0.3177,0.5524,2.5232
0.6518,0.3028,0.3982,0.5359,1.8887
0.4661,0.3201,0.4085,0.4315,1.6262
0.0981,0.2721,0.4137,0.2296,1.0135
4.8708,1.3583,0.5528,0.7982,7.5801
4.9555,1.3614,0.5722,0.766,7.6551
4.9819,1.3682,0.5672,0.7426,7.6598
0.6151,0.2872,0.7115,0.4117,2.0255
1.102,0.2815,0.7068,0.4566,2.5469
0.6435,0.2032,0.5056,0.4666,1.819
0.6671,0.7378,0.5207,0.5383,2.4639
1.6253,0.6061,0.1419,0.4249,2.7981
1.9641,0.6433,0.1597,0.4557,3.2228
2.1808,0.6526,0.1634,0.4675,3.4643
1.3821,0.6073,0.1804,0.4133,2.5832
1.9416,0.6043,0.1908,0.4081,3.1448
0.2036,0.56,0.2212,1.4829,2.4677
0.4964,0.6459,0.2929,1.9388,3.374
1.3868,0.6637,0.2394,1.9507,4.2407
1.2593,0.6958,0.2375,2.0097,4.2023
1.3121,0.6908,0.2958,1.6622,3.9609
1.4253,0.6719,0.2869,1.3606,3.7447
1.1352,0.7059,0.2911,1.6401,3.7724
1.4242,0.7121,0.2864,1.3517,3.7745
3.4202,0.3597,0.0892,0.4776,4.3466
2.3781,0.4961,0.0998,0.7614,3.7355
-0.1921,0.8506,0.6585,0.7897,2.1068
-0.8085,0.969,0.471,0.8177,1.4493
-1.6293,1.0348,0.3738,0.9074,0.6867
-1.0657,1.0782,0.1182,0.9004,1.0311
-0.0698,1.1712,0.2082,0.9928,2.3024
-0.5711,1.3532,0.4363,1.3357,2.554
-0.7825,1.4945,0.4704,1.6139,2.7962
-0.5302,1.5623,0.2881,1.6354,2.9557
-0.0105,1.553,0.173,1.4578,3.1733
-0.7673,1.5985,0.1648,1.3724,2.3684
0.6684,0.6137,0.4946,0.6675,2.4443
0.8649,0.6044,0.5087,0.6126,2.5905
1.1176,0.5505,0.5477,0.5137,2.7294
1.3775,0.4776,0.4872,0.4311,2.7735
1.2699,0.4303,0.3505,0.4355,2.4862
1.5234,0.4304,0.4358,0.4207,2.8104
1.6938,0.362,0.4256,0.4515,2.933
1.2397,0.3648,0.4296,0.4494,2.4834
0.8606,0.4925,0.4145,0.5063,2.2739
2.4233,0.5419,0.2393,0.5176,3.7222
1.8838,0.4212,0.1268,0.5969,3.0287
2.318,0.421,0.1169,0.4981,3.3541
2.7819,0.4671,0.0622,0.5407,3.852
2.4474,0.5576,0.1436,0.5904,3.739
2.2076,0.5706,0.0867,0.7487,3.6137
2.7409,0.5885,0.0406,0.6248,3.9947
2.5796,0.6432,0.0472,0.6986,3.9686
1.8297,0.7585,0.0159,0.9212,3.5254
1.4332,0.7911,0.5059,0.6138,3.344
1.0575,0.8535,0.7249,0.629,3.2649
0.6945,1.0339,0.7763,0.8215,3.3262
0.6138,1.0528,0.726,0.8034,3.196
0.5117,1.0833,0.6818,0.824,3.1008
0.9754,1.1903,0.8653,0.9688,3.9998
1.5249,1.0724,0.5856,0.7673,3.9502
2.429,1.0534,0.6612,0.7202,4.8637
2.7403,0.8707,0.2603,0.5435,4.4147
2.1471,1.197,0.3173,0.8344,4.4958
2.2065,-0.0096,0.0727,0.483,2.7526
2.1864,0.0952,0.2372,0.4241,2.943
2.229,0.1569,0.1289,0.3025,2.8172
2.1065,0.2775,0.5013,0.2709,3.1561
1.372,0.3901,0.4188,0.3867,2.5675
1.9127,0.3998,0.0048,0.4153,2.7325
1.7582,0.4356,0.1138,0.4767,2.7844
1.7215,0.543,0.1256,0.5917,2.9818
1.3194,0.5589,0.1152,0.5674,2.5609
1.8033,0.6738,0.1932,0.6998,3.3701
1.3616,0.0298,0.0187,1.3494,2.7594
2.1987,0.0755,0.1099,0.9,3.284
2.2573,0.1186,0.1231,0.773,3.2719
2.8068,0.1458,0.0738,0.6107,3.6371
3.181,0.2099,0.1747,0.5515,4.1171
1.9776,0.7489,0.1629,0.9018,3.7912
1.6021,0.9732,0.4182,1.0451,4.0386
1.4028,1.0922,0.283,0.8503,3.6282
1.435,1.0761,0.2306,0.9619,3.7036
1.5237,0.9957,0.1749,1.1043,3.7986
1.5748,1.0964,0.2368,1.248,4.1559
1.6051,1.0215,0.1849,1.3315,4.1431
1.8003,1.0216,0.1994,1.157,4.1783
1.9948,1.0154,0.2124,1.0409,4.2634
1.9249,1.0292,0.2669,1.184,4.4051
3.0735,0.8451,0.1953,0.4258,4.5396
2.6566,1.183,0.2427,0.7267,4.809
2.4457,1.2445,0.1865,0.8166,4.6933
2.0405,1.1906,0.1899,0.4654,3.8863
2.6253,1.1045,0.1802,0.6386,4.5486
2.6266,1.0473,2.0687,0.6116,6.3542
2.5699,-0.6749,-0.0093,0.5003,2.3861
2.2536,-0.908,0.1959,0.9087,2.4503
3.3734,-0.8918,-0.2416,0.5399,2.78
2.6089,-1.4245,-0.7966,0.6,0.9879
2.1307,-2.4203,-1.998,0.9394,-1.3481
-0.7489,-2.4065,-1.0246,0.7507,-3.4293
-9.8286,-2.1606,0.3764,1.9859,-9.627
0.7118,0.2408,0.1153,2.5252,3.593
0.6189,0.2811,0.161,2.2163,3.2773
0.6638,0.2954,0.0992,2.3991,3.4575
1.7587,0.289,0.206,1.3224,3.5762
1.7274,0.3595,0.244,1.6965,4.0273
1.6715,0.346,0.1174,1.8262,3.9611
1.0037,0.0188,-1.4737,1.3921,0.9409
1.7781,0.0288,0.3336,0.7816,2.9222
1.3166,0.1255,0.0317,0.4639,1.9377
1.5118,0.3017,0.5508,0.4134,2.7776
1.4187,0.1075,0.1854,0.2123,1.924
1.3496,0.1762,0.3045,0.2154,2.0457
1.3686,0.1692,0.0102,0.2859,1.8338
4.5391,-0.4002,-1.2369,0.0279,2.9299
4.4576,-0.8123,-0.2257,0.2797,3.6993
2.5362,-0.4569,0.0557,0.1619,2.2969
2.8523,-0.7553,-0.8592,-0.0312,1.2066
2.5947,-1.0358,-0.4187,0.1439,1.2841
2.169,-1.3456,-0.1511,0.1784,0.8508
2.722,-1.5057,-0.1349,0.1813,1.2627
3.1751,0.2323,0.1282,0.1544,3.69
3.5048,0.272,0.1222,0.1705,4.0695
3.4768,0.2754,0.0532,0.1691,3.9745
3.9001,0.2721,0.0917,0.1608,4.4247
3.8956,0.342,0.1875,0.1904,4.6155
3.6057,0.4006,0.0759,0.2228,4.3051
3.667,0.4207,0.0787,0.2307,4.3971
3.1921,0.3473,0.0284,0.1824,3.7503
3.3988,0.4866,0.0903,0.2656,4.2414
1.694,0.3641,-0.3695,0.2098,1.8984
3.3992,0.195,-0.2855,0.7599,4.0686
3.0491,-0.4359,-1.3268,0.3609,1.6473
3.5052,-0.7167,0.114,0.2348,3.1372
3.6185,-0.5456,0.1852,0.2354,3.4935
4.6197,-0.4159,-0.0508,0.305,4.458
4.4679,-0.3729,0.0098,0.2902,4.395
4.1871,-0.3262,0.0365,0.2766,4.174
1.2195,0.4072,0.0057,1.1815,2.8139
1.4463,0.3877,0.0153,0.9403,2.7895
2.6037,0.3808,0.0803,0.8792,3.9441
4.203,0.4402,0.3153,0.5737,5.5321
4.5388,0.5787,0.3878,0.9324,6.4377
3.8861,0.11,0.2848,0.2724,4.5534
3.7356,0.0994,0.2644,0.3024,4.4018
3.484,0.2665,0.2614,0.366,4.3779
3.5043,0.2765,0.1193,0.3232,4.2232
3.4332,0.3096,0.0763,0.365,4.1841
3.67,-0.2759,-0.0441,0.0747,3.4247
3.5889,-0.2686,0.0816,0.0751,3.4771
3.8691,-0.2876,0.1529,0.2272,3.9616
3.513,-0.2642,0.0603,0.2499,3.559
2.8361,-0.1798,0.0478,0.2671,2.9711
-0.768,0.4626,0.3805,0.7796,0.8546
-0.9625,0.5525,0.4444,0.7913,0.8257
-0.4917,0.6328,0.4011,0.9461,1.4883
-0.3939,0.6845,0.416,0.891,1.5976
-0.2578,0.6448,0.039,0.9225,1.3485
0.3287,0.7378,-0.1177,1.4083,2.357
0.3769,0.501,0.0144,1.4762,2.3685
0.4193,0.5337,0.0138,1.8419,2.8088
0.444,0.5603,0.0649,1.9535,3.0227
0.1138,0.5144,0.0487,1.3942,2.0712
-1.1887,1.2836,0.5521,0.8628,1.5098
-0.9618,1.3335,0.2961,0.9056,1.5735
1.71,1.249,0.4719,0.7952,4.2261
1.6493,1.2679,0.3728,0.7768,4.0668
2.1389,1.0173,0.332,0.544,4.0321
2.4333,0.9616,0.1463,0.508,4.0492
2.2883,1.0432,0.1442,0.5476,4.0232
2.7169,1.0419,0.1996,0.527,4.4854
2.3918,1.0015,0.2472,0.495,4.1356
1.6438,1.0667,0.2921,0.5192,3.5218
-0.2339,0.1601,0.4513,0.64,1.0175
0.1301,0.0135,0.0326,0.7407,0.917
-0.1738,0.0202,0.0363,0.6993,0.5821
0.8162,0.257,0.1911,0.621,1.8852
2.5598,-0.4165,0.0521,0.0809,2.2762
2.5704,-0.4005,0.1152,0.091,2.3762
2.2375,0.2203,0.2234,0.1089,2.7901
1.9922,-0.1623,0.1459,0.1309,2.1067
2.3406,-0.1036,0.1391,0.1447,2.5208
0.1293,0.2629,0.1136,0.7084,1.2142
0.49,0.4664,0.4833,0.8135,2.2532
0.8624,0.5508,0.4122,1.1839,3.0093
0.9465,0.7186,0.5028,1.2117,3.3795
1.066,0.7496,0.0759,1.2502,3.1416
2.7199,0.4519,-0.678,0.8504,3.3442
2.4058,0.5214,0.0843,0.9379,3.9494
2.8117,0.2221,-0.5487,0.5765,3.0616
2.9101,0.2716,0.0864,0.7031,3.9711
3.3317,0.2519,0.059,0.5721,4.2148
1.2238,0.4144,0.6104,0.6484,2.897
1.8184,0.5238,0.5514,0.5576,3.4513
1.8612,0.6762,0.7116,0.5619,3.811
1.9349,0.7153,0.4896,0.5097,3.6494
1.4914,0.8845,0.5521,0.6196,3.5476
3.0445,0.7792,0.4739,0.466,4.7637
3.2485,0.7982,0.341,0.4497,4.8374
3.2832,0.9004,0.2342,0.5212,4.939
3.1161,0.9199,0.1596,0.5263,4.722
2.8713,0.9848,0.1279,0.5759,4.5599
2.936,0.6468,0.5598,0.3466,4.4891
2.3584,0.8227,0.5168,0.4804,4.1783
2.866,0.8996,0.3541,0.5193,4.639
2.1568,0.7103,0.2918,0.3677,3.5266
2.137,0.7618,0.275,0.3962,3.57
3.3485,0.5531,0.1157,0.257,4.2743
2.994,0.6132,0.2608,0.2886,4.1567
2.3243,0.6458,0.2905,0.3104,3.571
2.141,0.8268,0.3896,0.4209,3.7783
2.0255,0.7796,0.2167,0.3943,3.4162
0.5725,0.9783,0.542,1.4151,3.5079
1.3272,0.8717,0.2715,1.1072,3.5776
1.6677,0.8404,0.2346,0.9576,3.7003
2.1377,0.7846,0.0853,0.7813,3.789
1.8876,0.7774,0.1146,0.7657,3.5454
3.1587,0.7299,0.1757,0.7715,4.8357
2.0978,0.6726,0.2328,0.6991,3.7023
2.1264,0.6099,0.2753,0.594,3.6057
2.2421,0.5918,0.2072,0.5251,3.5663
2.205,0.6128,0.3101,0.5378,3.6658
3.7245,0.0331,0.0294,0.2003,3.9872
2.8918,0.0885,0.1158,0.6269,3.723
3.9123,0.1623,0.1064,0.4119,4.5929
4.2654,0.1506,0.1116,0.3058,4.8334
4.0977,-0.2549,0.1666,0.1848,4.1942
4.2693,-0.1775,0.171,0.2496,4.5124
4.4186,-0.0888,0.1251,0.2046,4.6595
4.0849,0.0257,0.2106,0.2248,4.5461
4.4616,0.1198,0.2657,0.2686,5.1158
5.0466,0.0586,0.0892,0.0714,5.2657
2.4421,0.6266,0.3371,0.2865,3.6923
0.2992,0.7186,0.2266,0.3359,1.5804
-0.3616,0.7315,0.181,0.3475,0.8985
-0.6003,0.732,0.2121,0.3383,0.6821
-0.6996,0.7827,0.2432,0.3671,0.6934
-1.1234,0.9722,0.3924,0.4938,0.735
-0.8649,1.014,0.4403,0.5209,1.1102
-0.827,1.0384,0.4366,0.5307,1.1787
-0.6889,0.6056,0.384,0.5011,0.8017
-0.7161,0.3937,0.4259,0.5394,0.6429
1.0152,-0.9422,0.2406,1.3743,1.688
0.0201,-0.915,0.1261,1.3244,0.5555
0.7121,-1.0462,0.0113,2.0955,1.7727
0.535,-1.3611,-0.673,1.7639,0.2648
0.372,-1.3277,-0.2003,1.3104,0.1544
0.7911,-1.0214,-0.0388,1.5112,1.2421
3.0974,0.3695,0.3756,0.2511,4.0935
4.6578,0.4681,0.3646,0.29,5.7805
2.8307,0.5614,0.3498,0.3522,4.0941
2.8619,0.6623,0.401,0.3974,4.3226
2.9864,0.6083,0.3256,0.4213,4.3416
3.6936,0.7395,0.3404,0.5214,5.2949
2.3587,0.907,0.3703,0.6687,4.3048
2.4776,0.9116,0.3721,0.6365,4.3977
2.4754,0.9165,0.3857,0.6077,4.3853
2.4427,0.9939,0.1611,0.6818,4.2795
2.1542,1.1824,0.4032,0.9717,4.7115
2.0994,1.2179,0.6853,0.93,4.9325
1.68,1.2662,0.4843,0.9485,4.3789
2.3697,1.4585,0.451,1.2013,5.4806
1.6349,1.4193,0.5313,1.0778,4.6633
2.3696,1.5254,0.145,1.249,5.289
1.0703,1.3255,0.1495,0.926,3.4712
0.8911,1.1406,-0.0224,0.7119,2.7211
1.1673,0.1911,0.0212,0.5793,1.9589
1.088,0.1883,0.0217,0.5377,1.8357
1.8146,0.191,0.0398,0.4614,2.5069
1.1837,0.2472,0.2005,0.5086,2.14
0.7318,0.0667,0.1749,0.543,1.5163
1.0476,0.1289,0.177,0.4406,1.7941
1.6789,0.2168,0.3004,0.4107,2.6067
1.5749,0.36,0.3656,0.5153,2.8157
3.1942,0.7487,0.1786,0.3407,4.4622
3.0526,0.9339,0.3722,0.4029,4.7616
2.6061,0.8767,0.161,0.449,4.0928
2.1059,0.9067,0.2136,0.4864,3.7127
0.0228,0.3425,0.1981,12.6999,13.2633
0.0334,0.3566,0.1392,7.5011,8.0303
-0.0369,0.1655,0.2274,9.0371,9.3931
0.1511,0.1987,0.1372,6.5943,7.0813
1.7289,0.297,0.4679,0.6224,3.1162
-0.2248,0.2586,0.1864,0.7147,0.9348
-0.2425,0.4563,0.6021,0.8575,1.6734
0.2757,0.9129,1.0588,1.3078,3.5552
3.1587,1.0446,1.1822,1.2144,6.6
2.6693,0.9611,0.4707,0.82,4.9211
1.1314,1.3086,0.5376,0.7925,3.7702
0.7849,1.3976,0.587,0.8856,3.6551
0.2838,0.3224,0.1378,0.1246,0.8686
0.1292,0.295,0.0955,0.1133,0.6329
0.1439,0.3003,0.1133,0.1143,0.6718
0.1406,0.344,0.1362,0.1318,0.7526
0.3826,0.289,0.0309,0.1096,0.8122
0.3355,0.3313,0.0791,0.1278,0.8736
0.4408,0.4181,0.1169,0.1666,1.1424
0.2911,0.4692,0.1291,0.1875,1.0769
1.2382,2.6005,0.0596,14.2616,18.1598
1.0176,2.4687,0.0596,12.0571,15.603
1.3221,2.3681,0.0191,9.7054,13.4147
0.9669,2.4044,-0.0034,10.7778,14.1457
1.0307,2.3942,-0.1938,11.2565,14.4875
0.5531,2.2433,-0.5789,9.9858,12.2032
0.6508,2.1928,-0.0922,8.1748,10.9262
0.4889,1.6264,-0.1289,9.9958,11.9822
0.3733,1.5424,-0.175,7.028,8.7688
0.5533,1.6045,-0.2839,20.584,22.4578
2.5574,0.3717,0.0606,0.8809,3.8705
1.7206,0.543,0.1374,1.9879,4.3889
1.884,0.5965,0.1656,1.9848,4.6309
2.3721,0.6003,0.1,1.8509,4.9234
2.311,0.6464,0.1666,1.4844,4.6084
2.6112,0.7591,0.4914,1.5675,5.4292
1.5406,0.4324,-0.4118,3.1872,4.7485
0.9262,0.5253,0.2239,2.4814,4.1569
0.7501,0.523,0.0703,0.714,2.0574
1.226,0.3795,0.1146,0.8828,2.6029
-0.0301,0.2225,1.0165,0.3328,1.5417
-0.2523,0.1163,0.9393,0.2755,1.0788
-2.9301,0.2245,1.2805,0.3322,-1.0929
-2.9818,0.1972,1.0642,0.3169,-1.4036
-2.7308,0.306,1.2952,0.4431,-0.6866
-2.1439,0.3896,2.3111,0.7682,1.325
-1.8866,0.594,1.1271,1.022,0.8565
-2.4044,0.5265,0.6656,0.7531,-0.4592
-2.5217,0.5972,0.6313,0.6579,-0.6353
-2.5023,0.7589,0.6944,0.6711,-0.3779
0.7765,-0.5076,-1.3168,0.4364,-0.6114
0.1121,-1.5584,-0.2098,0.2578,-1.3984
0.1575,-0.9368,0.0314,1.5989,0.8509
-0.0257,-0.7508,0.0257,1.1968,0.446
0.5956,-0.5676,0.1527,1.0444,1.2251
1.4142,-0.4209,0.0822,0.7149,1.7903
1.0073,-0.2017,0.2406,0.4442,1.4904
0.9836,-0.1012,0.268,0.3647,1.5152
0.5977,-0.0631,0.1022,0.439,1.0758
2.5801,0.4116,0.4626,0.3748,3.8292
2.3839,0.5441,0.3176,0.4493,3.6949
0.9923,0.511,0.4044,0.5289,2.4365
1.9353,0.535,0.3522,0.4294,3.252
1.9734,0.5708,0.3795,0.4288,3.3525
2.0932,0.6089,0.4169,0.4396,3.5586
2.5595,0.6724,0.4111,0.4553,4.0983
2.1251,0.7585,0.4513,0.4807,3.8156
2.869,0.6002,0.3198,0.3431,4.1321
2.4424,0.7345,0.4401,0.4308,4.0478
0.4894,-0.057,-0.1723,0.8863,1.1464
0.5246,0.0304,0.0989,0.5968,1.2508
1.5205,0.1093,0.217,0.4617,2.3085
0.5823,0.1872,0.221,0.3951,1.3856
0.6603,0.3606,0.4473,0.4319,1.9001
0.5667,0.5123,0.4627,0.4627,2.0044
2.7987,0.599,0.0846,0.4394,3.9217
2.5093,0.6628,0.2045,0.4873,3.8638
2.0731,0.4844,0.1963,0.4525,3.2063
2.4521,0.4202,0.1792,0.3481,3.3997
1.5072,0.4756,0.189,0.4012,2.573
1.4587,0.4525,0.1286,0.3698,2.4096
2.3062,0.4203,0.2205,0.303,3.25
2.0222,0.4063,0.2439,0.2642,2.9366
2.5611,0.378,0.2382,0.2309,3.4082
2.529,0.4006,0.2583,0.228,3.4158
2.9391,0.8152,0.1352,0.6013,4.4908
2.9513,0.8931,0.1573,0.6509,4.6526
1.8069,1.0693,0.2903,0.8754,4.0419
1.9629,1.1095,0.1871,0.8471,4.1065
3.4115,0.9828,0.2338,0.6744,5.3025
2.4761,1.0534,0.1666,0.7666,4.4627
2.4853,1.0508,0.1507,0.7479,4.4346
2.557,1.076,0.2508,0.7587,4.6425
2.0115,1.1033,0.656,0.7469,4.5177
2.4007,1.1634,0.3424,0.6061,4.5126
-1.2202,0.4566,0.3404,0.5842,0.1609
-1.2786,0.5239,0.3643,0.5155,0.1251
-1.4632,0.5592,0.3293,0.4746,-0.1001
-1.1786,0.6142,0.3799,0.4448,0.2604
-0.895,0.7217,0.4708,0.4995,0.797
-0.3522,0.8883,0.4688,0.6355,1.6403
0.2974,1.0093,0.4517,0.7083,2.4667
-0.6465,1.1568,0.4854,0.8168,1.8125
-0.2668,1.1288,0.4757,0.7418,2.0795
-0.6024,1.1357,0.5269,0.721,1.7812
1.7212,0.1038,0.0759,0.4721,2.373
1.461,0.0762,0.0219,0.6029,2.1621
1.113,0.325,0.0635,0.5652,2.0667
1.5265,0.3245,0.1272,0.4742,2.4524
1.6047,0.3932,0.1751,0.6361,2.8091
0.3169,0.3635,0.1803,0.6626,1.5233
0.4784,0.4147,0.1952,0.6921,1.7804
0.5603,0.4118,0.2608,0.6792,1.9122
0.1252,0.4281,0.3579,0.671,1.5822
0.4427,0.4334,0.4413,0.6777,1.9952
0.4545,1.0415,0.7284,0.659,2.8835
1.4638,0.8988,0.671,0.5492,3.5827
2.5115,0.3076,0.5554,0.5607,3.9351
1.7926,0.2564,0.2576,0.4378,2.7444
2.5493,0.4044,0.3373,0.5274,3.8184
2.5777,0.5857,0.3024,0.7775,4.2433
2.3566,0.62,0.2465,0.721,3.9441
1.3045,0.6499,0.3951,0.6305,2.9801
1.1943,0.7098,0.3935,0.581,2.8785
1.4771,0.882,0.4568,0.7019,3.5178
3.0914,0.6339,0.2281,0.5869,4.5403
3.6756,0.5307,-0.0016,0.4489,4.6537
3.5435,0.0474,0.0093,0.5096,4.1099
3.1693,-0.1104,-0.5437,0.5406,3.0558
2.4089,-0.3479,-0.5004,1.2494,2.8099
2.4546,-0.6431,-0.5017,0.6698,1.9795
2.3623,0.8953,3.3897,0.5764,7.2236
0.6832,0.8936,0.7053,2.7859,5.0681
0.7981,0.9082,0.4448,3.0432,5.1943
0.8039,0.9654,0.2761,3.4817,5.5272
1.0602,0.9833,0.1627,3.547,5.7532
0.8067,0.9326,0.2166,2.3179,4.2739
0.8403,0.941,0.1548,2.13,4.0661
1.3432,0.9214,0.1614,1.7876,4.2137
1.6666,0.9252,0.0995,1.7392,4.4305
1.7145,0.9182,0.1721,1.588,4.3928
1.0068,0.7849,-0.4501,1.5365,2.878
2.0319,-0.1286,-0.2232,153.0646,154.7446
0.278,-0.603,-0.9599,11.4932,10.2082
-0.0001,-1.0283,-1.0229,1.9367,-0.1146
2.3133,0.5836,0.2172,0.4172,3.5314
2.1868,0.5953,0.1429,0.4463,3.3714
2.7587,0.6182,0.1579,0.4613,3.9961
2.8162,0.6127,0.1695,0.4021,4.0004
2.9359,0.6551,0.2519,0.4413,4.2841
2.8945,0.69,0.2185,0.4353,4.2382
2.7459,0.7128,0.2442,0.4658,4.1686
2.3292,0.7268,0.2762,0.4599,3.7922
2.1873,0.7298,0.3364,0.4543,3.7077
2.0692,0.7257,0.3722,0.4447,3.6119
1.8304,-0.2271,0.2591,1.4621,3.3244
1.6357,-0.0802,0.3247,1.4528,3.3329
1.5482,-0.0186,0.1016,1.1413,2.7725
1.6886,0.1191,0.2182,1.0477,3.0737
2.6367,0.1469,0.1837,0.5571,3.5243
2.1227,0.2066,0.1887,0.6337,3.1518
4.0103,0.3445,0.3525,0.6878,5.3952
1.7818,0.4593,0.333,0.719,3.2932
2.1369,0.3622,0.2523,0.6324,3.3838
2.7402,0.2603,0.0252,0.3759,3.4017
0.0061,0.0454,-0.0305,0.2676,0.2886
-0.0127,0.0206,-0.1909,0.2788,0.0958
-0.0409,-0.1267,-0.1243,0.1952,-0.0967
-0.0237,-0.1557,-0.1293,0.203,-0.1056
-0.1307,-0.1463,0.009,0.1909,-0.0771
-0.1051,-0.1312,0.0072,0.1967,-0.0324
-0.1888,-0.1826,0.0249,0.1244,-0.2221
2.4841,0.3196,0.1651,0.6448,3.6136
2.013,0.3214,0.0896,0.5984,3.0223
2.2299,0.3718,0.1315,0.6742,3.4073
2.5065,0.367,0.173,0.509,3.5555
3.2741,0.4222,0.2208,0.4912,4.4083
3.0376,0.1545,0.1976,0.5202,3.9098
3.7831,0.1619,0.086,0.5013,4.5323
1.5601,0.2074,0.0949,0.5271,2.3895
3.3119,0.1989,0.0581,0.4081,3.977
3.7177,0.3658,0.4029,0.4228,4.9092
3.1594,0.4159,0.4435,0.3941,4.4129
1.8549,0.5019,0.4984,0.4301,3.2853
2.0767,0.5668,0.5536,0.4574,3.6545
1.7997,0.6807,0.6286,0.5043,3.6133
1.9968,0.781,0.6451,0.5439,3.9668
1.7547,0.8367,0.7121,0.5362,3.8396
1.9553,0.8628,0.7063,0.5159,4.0402
2.4651,0.8542,0.676,0.4741,4.4693
2.4431,0.97,0.8208,0.5372,4.7712
3.5993,0.3755,0.2212,0.4702,4.6662
3.5112,0.2711,0.0599,0.3027,4.1449
3.8047,0.2604,0.0972,0.2585,4.4208
-0.0851,0.2679,0.1482,0.234,0.565
3.5719,0.2606,0.1356,0.1966,4.1647
4.1208,0.2437,0.1614,0.1704,4.6963
4.2121,0.2777,0.1625,0.2014,4.8537
2.8744,0.393,0.3189,0.267,3.8533
2.9468,0.3141,0.1654,0.2198,3.6461
3.3041,0.3918,0.2436,0.2553,4.1949
3.9822,0.3367,-0.0085,0.5068,4.8172
2.927,0.3031,-0.011,0.4384,3.6576
3.785,0.4733,-0.028,0.8481,5.0784
2.7577,0.3558,0.1672,0.464,3.7447
3.797,0.7505,1.6011,0.5335,6.6821
3.9213,0.4412,0.6888,0.3211,5.3724
3.0847,0.3987,0.1891,0.322,3.9945
2.0891,0.3892,0.133,0.532,3.1432
2.4034,0.2285,-0.3405,0.4017,2.6931
1.8194,0.2959,0.1464,0.6651,2.9267
1.1576,0.3771,0.0935,0.8137,2.4419
2.0447,0.4424,0.1991,0.8944,3.5806
1.3471,0.5215,0.2331,0.9314,3.0331
2.3697,0.2461,-0.3701,0.4812,2.7269
2.5039,0.3017,0.1531,0.5045,3.4631
2.1916,0.3922,0.214,0.5505,3.3483
2.1956,0.7766,0.251,1.117,4.3401
2.2768,0.8444,0.2753,0.8711,4.2676
2.7986,0.8459,0.2112,0.5755,4.4311
2.7689,0.9074,0.2434,0.5656,4.4853
2.8026,0.8535,0.2671,0.4626,4.3857
2.7457,0.8894,0.3385,0.4462,4.4199
3.2449,0.8268,0.2261,0.3484,4.6462
2.703,0.7621,0.0361,0.4601,3.9612
2.2889,0.744,0.1636,0.4305,3.6269
-0.7593,-0.2411,-0.1704,0.7233,-0.4476
-1.11,-0.2587,-0.0706,0.8476,-0.5916
-0.9383,-0.2616,-0.0347,0.7081,-0.5264
-0.7601,-0.1934,0.0506,0.4664,-0.4365
0.0465,-0.1308,0.0878,0.3361,0.3396
-0.3549,-0.1113,0.0725,0.3631,-0.0306
-0.6072,-0.197,-0.0735,0.3361,-0.5417
-0.7779,-0.0281,0.0457,0.2188,-0.5414
-0.488,0.0783,0.2339,0.1696,-0.0063
2.1076,1.1027,0.5611,2.1321,5.9035
3.1513,0.92,0.3565,1.7599,6.1877
3.3792,1.0119,0.2963,0.7843,5.4717
3.0877,1.0313,0.3521,0.7637,5.2348
3.7591,0.9825,0.3631,0.6625,5.7673
3.9833,0.9877,0.2301,0.6473,5.8484
3.4409,1.4651,0.1911,1.3266,6.4237
1.8677,0.1723,0.156,0.8754,3.0714
2.6293,0.1577,0.0381,0.8208,3.646
2.6845,0.1424,0.0801,1.6043,4.5114
2.7315,0.2032,0.1877,0.7503,3.8726
2.6458,0.1621,0.0559,0.5336,3.3973
2.8788,0.2065,0.1065,0.5772,3.769
2.9712,0.244,0.2627,0.5729,4.0508
2.5436,0.2582,0.2708,0.4984,3.5711
3.1793,0.2704,0.2608,0.539,4.2495
2.0879,0.3153,0.1888,0.5431,3.135
2.5118,0.4871,0.0195,0.2592,3.2776
3.1835,0.5149,-0.2237,0.2686,3.7433
4.0287,-0.0995,-1.4284,0.1949,2.6957
3.9787,-0.1617,-0.1605,0.1619,3.8185
3.0257,-0.0338,0.2167,0.3963,3.605
3.3397,-0.0247,0.0266,0.4599,3.8015
2.2227,0.4765,0.3567,0.3337,3.3896
2.464,0.4673,0.236,0.4013,3.5686
1.6153,0.3513,-0.0871,0.4044,2.284
1.4191,0.3113,0.056,0.4032,2.1896
1.6554,0.3364,0.1991,0.3765,2.5674
1.9911,0.4019,0.2624,0.4037,3.0591
1.7597,0.4498,0.2026,0.4468,2.859
1.8202,0.4226,0.147,0.3967,2.7865
1.5624,0.487,0.2103,0.4591,2.7188
0.8626,0.4983,0.2435,0.4364,2.0408
2.1132,-1.4211,-0.1844,0.6582,1.1659
2.0572,-1.4315,0.1441,0.6773,1.4472
2.3662,-1.5602,0.0304,0.4514,1.2878
2.6113,-1.4832,0.1022,0.4568,1.687
3.4275,0.0467,0.1457,0.3067,3.9265
3.5611,0.0687,0.1384,0.238,4.0062
3.6786,0.0343,-0.121,0.2513,3.8431
2.9449,-0.081,-0.2379,0.2184,2.8444
3.0087,-0.0771,0.0479,0.369,3.3486
0.843,0.2627,0.552,3.7544,5.4121
1.1216,0.348,0.2366,2.6368,4.3429
1.1154,0.4342,0.2255,3.1282,4.9033
1.3362,0.4424,0.1229,2.2905,4.192
1.5555,0.5125,0.5217,1.9997,4.5894
1.752,0.373,0.1323,1.4009,3.6583
1.4292,0.4058,0.2201,2.1782,4.2333
1.4421,0.5276,0.207,1.7723,3.9491
1.3577,0.6399,0.1737,1.8063,3.9776
1.1179,0.7336,0.2056,1.7554,3.8125
1.8959,0.3687,0.2871,1.1207,3.6724
1.3777,0.4017,0.1821,1.0998,3.0614
1.9748,0.4293,0.1974,1.0643,3.6658
1.7018,0.4114,0.0606,1.0166,3.1903
1.507,0.4439,0.1228,1.0277,3.1014
3.4196,-0.2531,0.1036,1.2025,4.4725
1.8016,-1.5171,-0.1102,0.6746,0.849
0.8687,-1.2936,0.0274,0.5096,0.112
0.3659,-1.051,0.0689,0.4126,-0.2037
-0.3108,-0.8652,0.1709,0.0418,-0.9634
0.3424,0.0771,0.02,4.5972,5.0367
0.6843,0.1227,0.1706,0.7592,1.7368
1.0358,0.1305,0.1379,0.6227,1.9269
1.4143,1.1845,0.5855,0.7208,3.905
1.5331,0.9098,0.4318,0.9355,3.8101
1.7676,0.8712,0.3164,0.7346,3.6899
1.7123,0.8884,0.3317,0.7218,3.6542
1.3908,0.8918,0.1803,0.7532,3.2162
1.1962,0.6828,-0.5007,0.5589,1.9373
1.585,0.6627,0.068,0.5077,2.8234
2.0088,0.6321,0.0987,0.4568,3.1965
1.9112,0.6326,0.055,0.4344,3.0331
0.2568,0.0774,0.0517,18.9823,19.3682
-1.6372,0.3182,0.2171,0.4291,-0.6727
-1.5123,0.3141,0.2709,0.5194,-0.4079
-1.6533,0.3237,0.1362,0.5818,-0.6118
-1.776,0.3932,0.1551,0.5271,-0.7006
-1.6357,0.4188,0.1591,0.5167,-0.5411
-1.6622,0.4258,0.0607,0.5099,-0.6658
-2.0254,0.2482,-0.3434,0.3453,-1.7752
-2.1612,0.1844,-0.1435,0.3055,-1.8149
-1.8595,0.1547,0.0041,0.247,-1.4536
-2.002,0.1607,0.0045,0.2076,-1.6292
0.9861,1.759,1.1706,1.8844,5.8001
0.6132,2.0229,1.1504,2.6754,6.462
0.6911,2.104,1.0745,2.8455,6.7151
2.5339,1.2999,0.2465,0.8647,4.945
1.2008,1.7109,0.6016,1.4853,4.9986
0.6236,2.1059,0.7942,2.5734,6.0971
0.7653,2.1275,0.3775,2.6108,5.8811
0.5242,2.1089,0.3913,2.4891,5.5134
0.4109,2.1514,0.5272,2.625,5.7145
0.6231,2.228,0.5338,2.8906,6.2754
2.1342,0.5107,0.4819,0.4269,3.5536
2.5941,0.598,0.5706,0.4453,4.2081
1.8454,0.1662,0.4212,0.4924,2.9252
0.7614,0.1897,0.4618,0.4857,1.8986
0.3946,-0.3976,-0.5638,0.1006,-0.4661
0.5269,-0.5313,-0.6368,0.0006,-0.6405
0.3129,-0.432,0.1416,0.0098,0.0323
0.234,-0.4918,0.8081,-0.0003,0.55
1.2077,-0.4938,-1.2079,-0.1758,-0.6699
0.2548,0.0847,0.1786,3.9465,4.4646
2.204,0.4259,0.51,0.6639,3.8038
2.6477,0.5138,0.5594,0.4526,4.1735
3.7617,0.4197,0.1905,0.428,4.7999
3.047,0.3178,0.1363,0.2511,3.7522
2.9515,0.4018,0.2133,0.2954,3.8619
2.5984,0.6249,0.584,0.4067,4.214
2.8297,0.4973,0.4457,0.4609,4.2335
2.9227,0.4137,-0.1938,0.3627,3.5054
3.2475,0.3674,0.174,0.4236,4.2125
3.0343,0.3941,0.0369,0.485,3.9503
2.6931,0.4157,0.0324,0.5094,3.6505
2.8583,0.4014,0.1386,0.4223,3.8206
2.6763,0.1101,-0.0845,0.3371,3.039
2.0309,0.1681,0.1087,0.3621,2.6699
1.0817,0.1898,0.0723,0.0625,1.4063
4.5262,0.216,0.1039,0.048,4.8941
2.2216,0.1279,0.1447,0.0286,2.5228
3.5977,-1.3219,0.0,5.2221,7.4978
2.1485,-3.08,0.0,5.9586,5.0271
2.3273,-3.0204,0.0,4.3773,3.6842
2.6017,-3.0103,0.0,4.1416,3.733
2.5934,-2.8387,0.0,3.656,3.4108
2.6513,-2.8508,0.0,3.3241,3.1245
3.4707,-2.6122,0.0,3.3214,4.1799
2.7714,-2.5525,0.0,3.3278,3.5467
3.1261,-2.9143,0.0,4.1623,4.374
3.0555,-2.7193,0.0,3.8639,4.2
3.7872,0.0354,0.5029,4.3173,8.6428
2.8386,0.1739,0.7251,3.7165,7.4541
2.7172,0.3241,0.7849,4.9386,8.7649
3.0293,0.443,0.3572,4.7681,8.5976
2.5038,0.4128,0.2404,3.6934,6.8504
2.5175,0.425,0.1898,3.544,6.6763
2.8335,0.4275,0.0796,3.2158,6.5564
2.379,0.4487,0.0714,3.6915,6.5906
2.4883,0.5276,0.2387,3.0053,6.2599
2.3379,0.5854,0.1508,3.0779,6.152
