X1,X2,X3,X4,True_Label_Num,True_Label_Text,Pred_Label_Num,Pred_Label_Text,Benar?
-0.369,0.6198,0.0843,0.316,0,potential bankruptcy ,0,potential bankruptcy ,✅ Benar
0.5117,1.0833,0.6818,0.824,2,healthy company ,2,healthy company ,✅ Benar
-0.5711,1.3532,0.4363,1.3357,1,Grey Area ,1,Grey Area ,✅ Benar
-0.1853,-0.0742,-0.0548,0.3726,0,potential bankruptcy ,0,potential bankruptcy ,✅ Benar
0.019,0.1666,-0.1467,0.2256,0,potential bankruptcy ,0,potential bankruptcy ,✅ Benar
2.1307,-2.4203,-1.998,0.9394,0,potential bankruptcy ,0,potential bankruptcy ,✅ Benar
-0.0021,0.1095,0.3313,0.5643,0,potential bankruptcy ,0,potential bankruptcy ,✅ Benar
0.278,-0.603,-0.9599,11.4932,2,healthy company ,2,healthy company ,✅ Benar
1.9019,0.2057,-0.0441,0.5877,2,healthy company ,2,healthy company ,✅ Benar
1.5748,1.0964,0.2368,1.248,2,healthy company ,2,healthy company ,✅ Benar
-0.0263,0.4379,0.1715,0.2218,0,potential bankruptcy ,0,potential bankruptcy ,✅ Benar
-0.9625,0.5525,0.4444,0.7913,0,potential bankruptcy ,0,potential bankruptcy ,✅ Benar
2.1568,0.7103,0.2918,0.3677,2,healthy company ,2,healthy company ,✅ Benar
3.1693,-0.1104,-0.5437,0.5406,2,healthy company ,2,healthy company ,✅ Benar
-2.5023,0.7589,0.6944,0.6711,0,potential bankruptcy ,0,potential bankruptcy ,✅ Benar
-0.3743,0.4808,0.0802,0.2253,0,potential bankruptcy ,0,potential bankruptcy ,✅ Benar
0.0069,-0.0534,0.1397,0.1787,0,potential bankruptcy ,0,potential bankruptcy ,✅ Benar
-0.1988,0.193,0.2282,0.2305,0,potential bankruptcy ,0,potential bankruptcy ,✅ Benar
2.137,0.7618,0.275,0.3962,2,healthy company ,2,healthy company ,✅ Benar
0.9575,0.0697,0.0835,8.2566,2,healthy company ,2,healthy company ,✅ Benar
3.2475,0.3674,0.174,0.4236,2,healthy company ,2,healthy company ,✅ Benar
-0.1775,0.1959,0.164,0.6545,0,potential bankruptcy ,0,potential bankruptcy ,✅ Benar
3.3988,0.4866,0.0903,0.2656,2,healthy company ,2,healthy company ,✅ Benar
3.3734,-0.8918,-0.2416,0.5399,2,healthy company ,2,healthy company ,✅ Benar
2.3918,1.0015,0.2472,0.495,2,healthy company ,2,healthy company ,✅ Benar
2.013,0.3214,0.0896,0.5984,2,healthy company ,2,healthy company ,✅ Benar
2.7199,0.4519,-0.678,0.8504,2,healthy company ,2,healthy company ,✅ Benar
2.6763,0.1101,-0.0845,0.3371,2,healthy company ,2,healthy company ,✅ Benar
-0.088,0.2915,0.2999,0.1076,0,potential bankruptcy ,0,potential bankruptcy ,✅ Benar
2.1956,0.7766,0.251,1.117,2,healthy company ,2,healthy company ,✅ Benar
1.8612,0.6762,0.7116,0.5619,2,healthy company ,2,healthy company ,✅ Benar
1.7123,0.8884,0.3317,0.7218,2,healthy company ,2,healthy company ,✅ Benar
2.169,-1.3456,-0.1511,0.1784,0,potential bankruptcy ,1,Grey Area ,❌ Salah
1.6438,1.0667,0.2921,0.5192,2,healthy company ,2,healthy company ,✅ Benar
-1.6622,0.4258,0.0607,0.5099,0,potential bankruptcy ,0,potential bankruptcy ,✅ Benar
3.3119,0.1989,0.0581,0.4081,2,healthy company ,2,healthy company ,✅ Benar
2.1542,1.1824,0.4032,0.9717,2,healthy company ,2,healthy company ,✅ Benar
2.5093,0.6628,0.2045,0.4873,2,healthy company ,2,healthy company ,✅ Benar
0.9829,-0.0709,-0.1758,2.1969,2,healthy company ,2,healthy company ,✅ Benar
-0.0127,0.0206,-0.1909,0.2788,0,potential bankruptcy ,0,potential bankruptcy ,✅ Benar
1.102,0.2815,0.7068,0.4566,1,Grey Area ,1,Grey Area ,✅ Benar
-0.1301,0.2632,0.5942,0.0915,0,potential bankruptcy ,0,potential bankruptcy ,✅ Benar
2.0115,1.1033,0.656,0.7469,2,healthy company ,2,healthy company ,✅ Benar
1.4771,0.882,0.4568,0.7019,2,healthy company ,2,healthy company ,✅ Benar
0.1093,0.6838,0.2038,0.3202,1,Grey Area ,1,Grey Area ,✅ Benar
1.7212,0.1038,0.0759,0.4721,1,Grey Area ,2,healthy company ,❌ Salah
0.4075,0.3366,0.2514,0.3913,1,Grey Area ,1,Grey Area ,✅ Benar
-0.0789,0.008,0.1731,0.2162,0,potential bankruptcy ,0,potential bankruptcy ,✅ Benar
1.5464,0.0565,0.0846,0.9249,2,healthy company ,2,healthy company ,✅ Benar
0.2478,-0.3618,-0.0061,0.2125,0,potential bankruptcy ,0,potential bankruptcy ,✅ Benar
-0.1261,-0.0726,-0.0349,0.4543,0,potential bankruptcy ,0,potential bankruptcy ,✅ Benar
-0.2234,0.0221,0.0308,0.0291,0,potential bankruptcy ,0,potential bankruptcy ,✅ Benar
2.2536,-0.908,0.1959,0.9087,1,Grey Area ,1,Grey Area ,✅ Benar
0.252,0.6732,0.2927,0.3692,1,Grey Area ,1,Grey Area ,✅ Benar
-0.3616,0.7315,0.181,0.3475,0,potential bankruptcy ,0,potential bankruptcy ,✅ Benar
2.7587,0.6182,0.1579,0.4613,2,healthy company ,2,healthy company ,✅ Benar
-0.0279,0.0251,0.0233,0.2358,0,potential bankruptcy ,0,potential bankruptcy ,✅ Benar
2.7945,2.1833,-0.8474,0.529,2,healthy company ,2,healthy company ,✅ Benar
1.3272,0.8717,0.2715,1.1072,2,healthy company ,2,healthy company ,✅ Benar
-0.3475,0.0753,0.0495,1.7508,1,Grey Area ,1,Grey Area ,✅ Benar
-0.0698,1.1712,0.2082,0.9928,1,Grey Area ,1,Grey Area ,✅ Benar
1.8016,-1.5171,-0.1102,0.6746,0,potential bankruptcy ,1,Grey Area ,❌ Salah
2.4755,-3.3408,-2.2994,37.2487,2,healthy company ,2,healthy company ,✅ Benar
2.5772,-1.2915,-0.6083,1.4013,1,Grey Area ,1,Grey Area ,✅ Benar
0.1271,-0.2373,-0.057,0.129,0,potential bankruptcy ,0,potential bankruptcy ,✅ Benar
1.4638,0.8988,0.671,0.5492,2,healthy company ,2,healthy company ,✅ Benar
0.2353,0.4292,0.1724,0.877,1,Grey Area ,1,Grey Area ,✅ Benar
-0.1609,0.1868,0.1097,0.6011,0,potential bankruptcy ,0,potential bankruptcy ,✅ Benar
-1.1887,1.2836,0.5521,0.8628,1,Grey Area ,0,potential bankruptcy ,❌ Salah
3.0847,0.3987,0.1891,0.322,2,healthy company ,2,healthy company ,✅ Benar
0.0462,0.1934,0.583,0.3923,1,Grey Area ,0,potential bankruptcy ,❌ Salah
-0.1307,-0.1463,0.009,0.1909,0,potential bankruptcy ,0,potential bankruptcy ,✅ Benar
3.3792,1.0119,0.2963,0.7843,2,healthy company ,2,healthy company ,✅ Benar
0.9262,0.5253,0.2239,2.4814,2,healthy company ,2,healthy company ,✅ Benar
-0.066,-2.8122,-0.2614,0.4651,0,potential bankruptcy ,0,potential bankruptcy ,✅ Benar
-0.5056,0.0575,0.0373,1.486,0,potential bankruptcy ,0,potential bankruptcy ,✅ Benar
0.8422,0.111,0.2114,0.2373,1,Grey Area ,1,Grey Area ,✅ Benar
2.318,0.421,0.1169,0.4981,2,healthy company ,2,healthy company ,✅ Benar
-0.3489,-0.1252,-0.3025,1.0253,0,potential bankruptcy ,0,potential bankruptcy ,✅ Benar
2.141,0.8268,0.3896,0.4209,2,healthy company ,2,healthy company ,✅ Benar
2.3697,0.2461,-0.3701,0.4812,2,healthy company ,2,healthy company ,✅ Benar
-0.3026,0.5671,0.1164,1.3265,1,Grey Area ,1,Grey Area ,✅ Benar
1.4914,0.8845,0.5521,0.6196,2,healthy company ,2,healthy company ,✅ Benar
2.6367,0.1469,0.1837,0.5571,2,healthy company ,2,healthy company ,✅ Benar
1.8033,0.6738,0.1932,0.6998,2,healthy company ,2,healthy company ,✅ Benar
0.6109,0.1891,0.0977,0.3273,1,Grey Area ,1,Grey Area ,✅ Benar
2.379,0.4487,0.0714,3.6915,2,healthy company ,2,healthy company ,✅ Benar
-0.2248,0.2586,0.1864,0.7147,0,potential bankruptcy ,0,potential bankruptcy ,✅ Benar
0.6151,0.2872,0.7115,0.4117,1,Grey Area ,1,Grey Area ,✅ Benar
4.9762,-0.0058,-0.012,41.5469,2,healthy company ,2,healthy company ,✅ Benar
0.0083,-3.6923,-2.1715,0.2875,0,potential bankruptcy ,0,potential bankruptcy ,✅ Benar
0.0704,0.2584,0.1075,0.2241,0,potential bankruptcy ,0,potential bankruptcy ,✅ Benar
-0.0301,0.2225,1.0165,0.3328,1,Grey Area ,0,potential bankruptcy ,❌ Salah
4.1871,-0.3262,0.0365,0.2766,2,healthy company ,2,healthy company ,✅ Benar
2.5118,0.4871,0.0195,0.2592,2,healthy company ,2,healthy company ,✅ Benar
-0.1806,0.6244,0.1943,0.2912,0,potential bankruptcy ,0,potential bankruptcy ,✅ Benar
4.0977,-0.2549,0.1666,0.1848,2,healthy company ,2,healthy company ,✅ Benar
1.5118,0.3017,0.5508,0.4134,2,healthy company ,2,healthy company ,✅ Benar
3.6756,0.5307,-0.0016,0.4489,2,healthy company ,2,healthy company ,✅ Benar
1.8454,0.1662,0.4212,0.4924,2,healthy company ,2,healthy company ,✅ Benar
1.2541,0.1833,0.0915,0.8229,1,Grey Area ,1,Grey Area ,✅ Benar
0.9669,2.4044,-0.0034,10.7778,2,healthy company ,2,healthy company ,✅ Benar
1.0208,-1.3824,-1.3064,2.9306,1,Grey Area ,1,Grey Area ,✅ Benar
0.0183,0.1708,0.0399,0.5027,0,potential bankruptcy ,0,potential bankruptcy ,✅ Benar
2.4452,0.3494,-0.1671,0.2777,2,healthy company ,2,healthy company ,✅ Benar
1.6461,0.1485,0.2422,1.2311,2,healthy company ,2,healthy company ,✅ Benar
0.7911,-1.0214,-0.0388,1.5112,1,Grey Area ,1,Grey Area ,✅ Benar
1.1352,0.7059,0.2911,1.6401,2,healthy company ,2,healthy company ,✅ Benar
1.1176,0.5505,0.5477,0.5137,2,healthy company ,2,healthy company ,✅ Benar
3.7872,0.0354,0.5029,4.3173,2,healthy company ,2,healthy company ,✅ Benar
-0.0687,-0.2144,0.0639,0.0569,0,potential bankruptcy ,0,potential bankruptcy ,✅ Benar
2.4474,0.5576,0.1436,0.5904,2,healthy company ,2,healthy company ,✅ Benar
0.0228,0.3425,0.1981,12.6999,2,healthy company ,2,healthy company ,✅ Benar
1.5331,0.9098,0.4318,0.9355,2,healthy company ,2,healthy company ,✅ Benar
-0.1002,0.2393,0.2018,0.091,0,potential bankruptcy ,0,potential bankruptcy ,✅ Benar
1.4028,1.0922,0.283,0.8503,2,healthy company ,2,healthy company ,✅ Benar
2.2768,0.8444,0.2753,0.8711,2,healthy company ,2,healthy company ,✅ Benar
1.3121,0.6908,0.2958,1.6622,2,healthy company ,2,healthy company ,✅ Benar
3.4196,-0.2531,0.1036,1.2025,2,healthy company ,2,healthy company ,✅ Benar
0.6518,0.3028,0.3982,0.5359,1,Grey Area ,1,Grey Area ,✅ Benar
0.1562,0.6333,0.3817,0.2691,1,Grey Area ,1,Grey Area ,✅ Benar
2.7409,0.5885,0.0406,0.6248,2,healthy company ,2,healthy company ,✅ Benar
5.9454,0.5436,0.4204,1.5653,2,healthy company ,2,healthy company ,✅ Benar
0.193,-0.5526,-0.1216,0.1077,0,potential bankruptcy ,0,potential bankruptcy ,✅ Benar
0.5667,0.5123,0.4627,0.4627,1,Grey Area ,1,Grey Area ,✅ Benar
-0.144,-2.9988,-1.501,3.1613,0,potential bankruptcy ,0,potential bankruptcy ,✅ Benar
5.528,0.4752,0.4398,2.2922,2,healthy company ,2,healthy company ,✅ Benar
3.1513,0.92,0.3565,1.7599,2,healthy company ,2,healthy company ,✅ Benar
3.1594,0.4159,0.4435,0.3941,2,healthy company ,2,healthy company ,✅ Benar
0.1851,-1.8835,-1.0217,4.7109,1,Grey Area ,1,Grey Area ,✅ Benar
1.4421,0.5276,0.207,1.7723,2,healthy company ,2,healthy company ,✅ Benar
2.311,0.6464,0.1666,1.4844,2,healthy company ,2,healthy company ,✅ Benar
2.0447,0.4424,0.1991,0.8944,2,healthy company ,2,healthy company ,✅ Benar
0.5956,-0.5676,0.1527,1.0444,1,Grey Area ,1,Grey Area ,✅ Benar
1.3613,0.1217,0.0558,0.2592,1,Grey Area ,1,Grey Area ,✅ Benar
2.3781,0.4961,0.0998,0.7614,2,healthy company ,2,healthy company ,✅ Benar
0.1058,0.1183,0.0883,0.6311,0,potential bankruptcy ,0,potential bankruptcy ,✅ Benar
-0.1867,-3.361,-1.1894,2.6575,0,potential bankruptcy ,0,potential bankruptcy ,✅ Benar
1.2077,-0.4938,-1.2079,-0.1758,0,potential bankruptcy ,0,potential bankruptcy ,✅ Benar
1.8214,-1.1261,-0.2977,0.2866,0,potential bankruptcy ,0,potential bankruptcy ,✅ Benar
3.5048,0.272,0.1222,0.1705,2,healthy company ,2,healthy company ,✅ Benar
2.8788,0.2065,0.1065,0.5772,2,healthy company ,2,healthy company ,✅ Benar
0.1637,0.4709,0.0737,0.6368,1,Grey Area ,1,Grey Area ,✅ Benar
-0.8831,0.2053,0.4726,0.4845,0,potential bankruptcy ,0,potential bankruptcy ,✅ Benar
-0.1921,0.8506,0.6585,0.7897,1,Grey Area ,1,Grey Area ,✅ Benar
2.6061,0.8767,0.161,0.449,2,healthy company ,2,healthy company ,✅ Benar
2.5598,-0.4165,0.0521,0.0809,1,Grey Area ,1,Grey Area ,✅ Benar
2.4776,0.9116,0.3721,0.6365,2,healthy company ,2,healthy company ,✅ Benar
0.5977,-0.0631,0.1022,0.439,0,potential bankruptcy ,0,potential bankruptcy ,✅ Benar
-0.1555,-4.0771,-0.6377,0.2127,0,potential bankruptcy ,0,potential bankruptcy ,✅ Benar
2.0692,0.7257,0.3722,0.4447,2,healthy company ,2,healthy company ,✅ Benar
0.4427,0.4334,0.4413,0.6777,1,Grey Area ,1,Grey Area ,✅ Benar
0.2015,-1.1541,-0.595,5.4109,2,healthy company ,2,healthy company ,✅ Benar
3.7617,0.4197,0.1905,0.428,2,healthy company ,2,healthy company ,✅ Benar
0.444,0.5603,0.0649,1.9535,2,healthy company ,2,healthy company ,✅ Benar
1.9454,0.2171,0.5329,0.5312,2,healthy company ,2,healthy company ,✅ Benar
3.9001,0.2721,0.0917,0.1608,2,healthy company ,2,healthy company ,✅ Benar
0.366,-1.5428,-0.4093,0.7682,0,potential bankruptcy ,0,potential bankruptcy ,✅ Benar
0.595,-1.8232,-1.3749,1.5226,0,potential bankruptcy ,0,potential bankruptcy ,✅ Benar
2.529,0.4006,0.2583,0.228,2,healthy company ,2,healthy company ,✅ Benar
2.4089,-0.3479,-0.5004,1.2494,2,healthy company ,2,healthy company ,✅ Benar
0.0721,0.0646,0.1184,0.1079,0,potential bankruptcy ,0,potential bankruptcy ,✅ Benar
-1.8595,0.1547,0.0041,0.247,0,potential bankruptcy ,0,potential bankruptcy ,✅ Benar
-0.106,0.6109,0.1243,0.4212,0,potential bankruptcy ,0,potential bankruptcy ,✅ Benar
2.4961,0.3715,0.8881,0.6,2,healthy company ,2,healthy company ,✅ Benar
2.4333,0.9616,0.1463,0.508,2,healthy company ,2,healthy company ,✅ Benar
0.1292,0.295,0.0955,0.1133,0,potential bankruptcy ,0,potential bankruptcy ,✅ Benar
-0.0369,0.1655,0.2274,9.0371,2,healthy company ,2,healthy company ,✅ Benar
-0.0027,0.0276,0.0208,0.1815,0,potential bankruptcy ,0,potential bankruptcy ,✅ Benar
-1.6293,1.0348,0.3738,0.9074,0,potential bankruptcy ,0,potential bankruptcy ,✅ Benar
0.1186,-0.144,0.075,0.1499,0,potential bankruptcy ,0,potential bankruptcy ,✅ Benar
1.7587,0.289,0.206,1.3224,2,healthy company ,2,healthy company ,✅ Benar
-0.0334,-0.4926,0.0457,11.8428,2,healthy company ,2,healthy company ,✅ Benar
3.4332,0.3096,0.0763,0.365,2,healthy company ,2,healthy company ,✅ Benar
0.1295,0.0542,-0.2144,0.2948,0,potential bankruptcy ,0,potential bankruptcy ,✅ Benar
0.6692,0.1814,0.1674,0.8034,1,Grey Area ,1,Grey Area ,✅ Benar
2.5212,-0.2325,-0.825,0.4056,1,Grey Area ,1,Grey Area ,✅ Benar
3.5043,0.2765,0.1193,0.3232,2,healthy company ,2,healthy company ,✅ Benar
-0.1146,0.1111,-0.1365,0.4367,0,potential bankruptcy ,0,potential bankruptcy ,✅ Benar
5.8693,0.6511,0.6505,1.9429,2,healthy company ,2,healthy company ,✅ Benar
2.429,1.0534,0.6612,0.7202,2,healthy company ,2,healthy company ,✅ Benar
0.3401,0.7796,0.0,1.4357,1,Grey Area ,2,healthy company ,❌ Salah
1.503,-0.3243,-0.9975,0.3753,0,potential bankruptcy ,1,Grey Area ,❌ Salah
0.2035,0.158,0.129,0.1751,0,potential bankruptcy ,0,potential bankruptcy ,✅ Benar
0.0296,0.2375,0.2388,1.2753,1,Grey Area ,1,Grey Area ,✅ Benar
2.4007,1.1634,0.3424,0.6061,2,healthy company ,2,healthy company ,✅ Benar
-0.0384,-2.4912,-1.3375,3.7274,0,potential bankruptcy ,0,potential bankruptcy ,✅ Benar
0.6135,-0.1198,0.2036,0.2268,0,potential bankruptcy ,0,potential bankruptcy ,✅ Benar
0.3129,-0.432,0.1416,0.0098,0,potential bankruptcy ,0,potential bankruptcy ,✅ Benar
0.3659,-1.051,0.0689,0.4126,0,potential bankruptcy ,0,potential bankruptcy ,✅ Benar
0.2748,0.7356,0.2236,1.4371,2,healthy company ,2,healthy company ,✅ Benar
0.7849,1.3976,0.587,0.8856,2,healthy company ,2,healthy company ,✅ Benar
-0.0045,-0.7587,-0.1433,0.755,0,potential bankruptcy ,0,potential bankruptcy ,✅ Benar
4.6197,-0.4159,-0.0508,0.305,2,healthy company ,2,healthy company ,✅ Benar
1.5249,1.0724,0.5856,0.7673,2,healthy company ,2,healthy company ,✅ Benar
0.2719,0.1029,0.1626,1.1773,1,Grey Area ,1,Grey Area ,✅ Benar
2.5065,0.367,0.173,0.509,2,healthy company ,2,healthy company ,✅ Benar
2.2065,-0.0096,0.0727,0.483,2,healthy company ,2,healthy company ,✅ Benar
1.9748,0.4293,0.1974,1.0643,2,healthy company ,2,healthy company ,✅ Benar
-0.1056,0.5948,0.1312,0.4439,0,potential bankruptcy ,0,potential bankruptcy ,✅ Benar
0.282,-1.6241,-2.2189,2.125,0,potential bankruptcy ,0,potential bankruptcy ,✅ Benar
-0.0364,0.2389,0.183,0.2257,0,potential bankruptcy ,0,potential bankruptcy ,✅ Benar
0.1063,0.1364,0.034,1.2491,1,Grey Area ,1,Grey Area ,✅ Benar
0.0061,0.0454,-0.0305,0.2676,0,potential bankruptcy ,0,potential bankruptcy ,✅ Benar
-0.0385,0.171,0.2527,0.3656,0,potential bankruptcy ,0,potential bankruptcy ,✅ Benar
2.4841,0.3196,0.1651,0.6448,2,healthy company ,2,healthy company ,✅ Benar
2.2375,0.2203,0.2234,0.1089,2,healthy company ,2,healthy company ,✅ Benar
-0.5427,-2.2829,-8.2767,2.4532,0,potential bankruptcy ,0,potential bankruptcy ,✅ Benar
3.4768,0.2754,0.0532,0.1691,2,healthy company ,2,healthy company ,✅ Benar
1.2362,0.1821,0.1178,0.4687,1,Grey Area ,1,Grey Area ,✅ Benar
4.5262,0.216,0.1039,0.048,2,healthy company ,2,healthy company ,✅ Benar
0.6839,0.1776,0.2075,0.247,1,Grey Area ,1,Grey Area ,✅ Benar
0.2529,0.087,0.1634,0.3571,0,potential bankruptcy ,0,potential bankruptcy ,✅ Benar
0.7822,0.2039,-0.0295,0.6556,1,Grey Area ,1,Grey Area ,✅ Benar
2.0088,0.6321,0.0987,0.4568,2,healthy company ,2,healthy company ,✅ Benar
-0.0675,0.0585,0.0208,0.0357,0,potential bankruptcy ,0,potential bankruptcy ,✅ Benar
0.7765,-0.5076,-1.3168,0.4364,0,potential bankruptcy ,0,potential bankruptcy ,✅ Benar
3.5977,-1.3219,0.0,5.2221,2,healthy company ,2,healthy company ,✅ Benar
2.6566,1.183,0.2427,0.7267,2,healthy company ,2,healthy company ,✅ Benar
1.372,0.3901,0.4188,0.3867,1,Grey Area ,2,healthy company ,❌ Salah
2.6089,-1.4245,-0.7966,0.6,0,potential bankruptcy ,1,Grey Area ,❌ Salah
3.0376,0.1545,0.1976,0.5202,2,healthy company ,2,healthy company ,✅ Benar
0.843,0.2627,0.552,3.7544,2,healthy company ,2,healthy company ,✅ Benar
0.279,-0.5681,-0.1766,3.8239,2,healthy company ,2,healthy company ,✅ Benar
3.513,-0.2642,0.0603,0.2499,2,healthy company ,2,healthy company ,✅ Benar
-0.275,0.2421,0.4923,0.0863,0,potential bankruptcy ,0,potential bankruptcy ,✅ Benar
0.413,0.0451,0.0327,0.1232,0,potential bankruptcy ,0,potential bankruptcy ,✅ Benar
3.3485,0.5531,0.1157,0.257,2,healthy company ,2,healthy company ,✅ Benar
3.2449,0.8268,0.2261,0.3484,2,healthy company ,2,healthy company ,✅ Benar
-0.9618,1.3335,0.2961,0.9056,1,Grey Area ,1,Grey Area ,✅ Benar
2.1485,-3.08,0.0,5.9586,2,healthy company ,2,healthy company ,✅ Benar
-0.1607,0.2476,-0.053,0.3532,0,potential bankruptcy ,0,potential bankruptcy ,✅ Benar
0.8649,0.6044,0.5087,0.6126,1,Grey Area ,1,Grey Area ,✅ Benar
2.5777,0.5857,0.3024,0.7775,2,healthy company ,2,healthy company ,✅ Benar
-0.3179,-0.2001,-0.2381,0.0366,0,potential bankruptcy ,0,potential bankruptcy ,✅ Benar
